County  ,Municipality  ,LD  ,CD  ,TANF % 2013,TANF % 2014,TANF % 2015,TANF % 2016,TANF % 2017,SNAP % 2013,SNAP % 2014,SNAP % 2015,SNAP % 2016,SNAP % 2017
Warren,Liberty,24,5,-,0.03,-,-,-,1.07,0.69,0.59,0.6,0.49
Atlantic,Brigantine,2,2,0.37,0.51,0.36,0.36,0.35,8.91,7.96,8.62,8.19,7.28
Monmouth,Deal,11,6,-,-,-,-,0.27,5.09,7.67,8.14,8.67,7.37
Monmouth,Manalapan,12,4,0.04,0.03,0.01,0.01,0.01,2.29,2.44,2.41,0.54,2.1
Bergen,Norwood,39,5,0.02,-,0.05,-,-,1.07,1.02,0.93,0.85,0.82
Bergen,North Arlington,36,9,0.09,0.1,0.06,-,0.02,3.82,3.66,4.03,4.11,3.76
Middlesex,Old Bridge,12,"6, 12",0.12,0.08,0.07,0.06,0.06,4.55,4.53,4.88,4.99,4.9
Morris,Riverdale,40,11,0.28,0.1,0.07,0.07,0.02,2.97,2.61,2.45,2.34,2.07
Bergen,Montvale,39,5,0.01,-,0.01,0.01,-,1.03,1.07,1.18,1.16,1.14
Union,Winfield,22,7,-,-,-,-,0.07,4.92,5.02,5.53,5.56,4.84
Bergen,Mahwah,39,5,0.03,0.02,0.02,0.01,0,1.34,1.4,1.5,1.58,1.47
Monmouth,Shrewsbury,11,4,-,-,-,-,-,0.38,0.38,0.32,0.82,0.44
Bergen,Hillsdale,39,5,0.01,0.01,0.01,0.01,0.03,1.45,1.54,1.56,1.73,1.83
Bergen,Hasbrouck Heights,38,9,0.17,0.17,0.14,0.07,0.04,3.74,3.58,4.27,3.84,3.87
Morris,Jefferson,26,11,0.03,0.02,0.03,0.02,0.04,2.32,2.4,2.44,2.17,1.92
Middlesex,South Plainfield,18,6,0.04,0.07,0.08,0.02,0.03,3.08,3.2,3.44,3.24,3.09
Bergen,Fort Lee,37,9,0.06,0.04,0.02,0.05,0.02,4.05,3.89,4.07,4,3.99
Middlesex,South Amboy,19,6,0.71,0.75,0.45,0.34,0.33,14.49,15.12,17.87,15.93,15.48
Bergen,Glen Rock,38,5,-,-,-,-,-,0.42,0.35,0.48,0.59,0.52
Bergen,Edgewater,32,9,0.13,0.06,0.11,0.08,0.02,2.54,2.41,2.88,2.9,2.52
Bergen,Fair Lawn,38,5,0.04,0.05,0.04,0.04,0.02,3,2.79,3,3.11,3.11
Monmouth,Asbury Park,11,6,1.4,1.22,0.8,0.49,0.5,29.9,29.85,31.96,30.59,28.2
Monmouth,Allenhurst,11,6,-,-,-,-,-,2.23,5.27,4.91,4.68,4.31
Middlesex,Woodbridge,19,6,0.14,0.11,0.11,0.08,0.06,4.83,5.19,5.65,5.61,5.47
Middlesex,Spotswood,14,12,0.02,0.01,0.08,0.13,0.01,3.75,3.83,4.81,4.93,4.85
Monmouth,Colts Neck,11,4,0.01,-,-,-,-,0.73,0.67,0.63,0.67,0.51
Monmouth,Brielle,30,4,0.04,0.04,0.02,-,-,1.05,1.22,1.55,1.18,1.06
Monmouth,Belmar,30,4,0.3,0.23,0.26,0.12,0.02,7.37,8.18,8.71,8.79,8.2
Monmouth,Atlantic Highlands,13,6,0.25,0.25,0.23,0.19,0.16,6.28,6.29,6.48,6.91,5.91
Salem,Upper Pittsgrove,3,2,0.11,0.09,0.03,0.06,0.03,4.23,4.06,4.95,4.12,4.9
Salem,Alloway,3,2,0.26,0.06,0.06,0.15,0.09,3,2.82,2.95,2.78,2.46
Somerset,Bound Brook,23,12,0.66,0.4,0.47,0.34,0.27,11.23,11.83,11.86,12.31,10.47
Somerset,Far Hills,21,7,-,-,-,-,-,2.6,0.97,1.19,2.37,2.27
Somerset,Green Brook,22,7,0.07,0.01,0.01,-,0.01,1.58,1.74,1.77,1.84,1.08
Salem,Penns Grove,3,2,2.87,2.44,1.56,1.23,0.7,38.29,41.71,42.86,41.9,36.43
Salem,Pittsgrove,3,2,0.16,0.24,0.07,0.13,0.03,7.15,7.53,8.08,8.23,7.43
Bergen,Emerson,39,5,0.1,0.07,0.05,0.01,0.01,1.54,1.36,1.51,1.64,1.46
Ocean,Barnegat Twp,9,3,0.43,0.42,0.49,0.3,0.17,7.53,7.88,8.5,8.24,6.89
Bergen,Little Ferry,36,9,0.13,0.06,0.11,0.08,0.08,5.91,5.09,5.83,6.05,5.76
Bergen,River Edge,38,5,0.02,0.01,0.02,0.03,-,1.53,1.42,1.75,1.89,1.59
Morris,Wharton,25,7,0.29,0.29,0.21,0.2,0.08,11.63,11.27,11.89,10.19,8.89
Morris,Victory Gardens,25,11,0.59,0.26,0.26,0.26,-,5.36,4.69,5.62,5.35,3.75
Ocean,Berkeley Twp,9,3,0.11,0.11,0.13,0.12,0.05,3.75,3.43,3.62,3.56,2.93
Somerset,Manville,16,12,0.32,0.4,0.37,0.28,0.15,7.64,8.61,9.53,9.11,7.83
Bergen,Teaneck,37,"5, 9",0.23,0.18,0.16,0.14,0.09,4.24,3.99,4.47,4.34,4.38
Ocean,Lakewood,30,4,0.46,0.34,0.22,0.18,0.08,30.8,34.16,35,32.82,30.22
Somerset,North Plainfield,22,7,0.21,0.29,0.24,0.14,0.15,9.49,10.64,9.44,7.96,6.84
Somerset,Raritan,23,7,0.17,0.18,0.17,0.16,0.02,5.03,4.8,4.58,4.92,4.42
Ocean,Barnegat Light,9,2,-,-,0.52,-,-,6.93,3.64,3.79,3.3,3.07
Ocean,Ocean Gate,9,3,1.19,1.43,1.08,0.85,0.65,13.69,12.79,11.62,10.55,10.66
Morris,Washington Twp,25,7,0.01,0.01,0.01,0.01,-,1,1.2,1.02,1.02,0.83
Ocean,Ship Bottom,9,2,0.17,0.26,0.35,0.26,-,5.01,4.49,3.92,4.23,4.39
Sussex,Andover,24,5,1.18,0.68,0.68,0.34,0.18,13.78,13.85,12.44,10.67,10.86
Bergen,Wyckoff,40,5,0.04,0.05,0.07,0.01,-,0.52,0.38,0.48,0.51,0.5
Monmouth,Eatontown,11,4,0.4,0.29,0.24,0.16,0.12,9.22,10.94,11.59,11.33,9.96
Essex,Nutley,28,11,0.09,0.11,0.1,0.05,0.05,2.6,2.92,3.04,3,3.06
Bergen,Park Ridge,39,5,0.05,0.02,0.01,0.01,0.01,1.3,1.28,1.64,1.66,1.55
Bergen,Westwood,39,5,0.03,0.01,0.02,-,0.02,2.34,2.44,2.69,2.47,2.77
Bergen,Ridgefield Park,36,9,0.13,0.13,0.2,0.06,0.05,6.14,5.41,6.65,6.75,6.3
Essex,Newark,"28, 29","8, 10",2.11,1.97,1.7,1.17,0.76,28.75,28.88,29.5,28.6,26.99
Bergen,Wallington,36,9,0.13,0.11,0.1,0.09,0.04,4.9,4.85,6,5.27,5.29
Bergen,Rockleigh,37,5,-,-,-,-,-,0.75,0.37,0.19,0.19,0.19
Monmouth,Farmingdale,30,4,0.46,0.23,0.46,0.08,0.15,30.67,31.58,34.9,32.85,28.77
Bergen,Saddle River,39,5,-,-,-,-,-,0.94,0.75,0.81,1.11,1.17
Monmouth,Englishtown,12,4,0.21,0.1,0.1,-,0.1,11.11,11.4,12.84,10.28,11.51
Burlington,Evesham,8,3,0.06,0.05,0.05,0.05,0.03,2.4,2.26,2.46,2.33,1.88
Monmouth,Highlands,13,6,0.1,0.08,0.02,0.06,0.04,7.47,6.98,7.37,6.97,6.59
Essex,Livingston,27,11,0.05,0.02,0.02,0.04,0.03,0.75,0.9,1.02,1.02,0.94
Essex,Glen Ridge,28,10,0.03,0.07,0.1,0.07,0.01,0.87,2.1,3.67,3.69,3.87
Monmouth,Freehold Twp,11,4,0.03,0.04,0.03,0.03,0.03,3.03,3.18,4.02,3.86,3.85
Burlington,Delran,7,3,0.12,0.17,0.22,0.18,0.09,4.65,5.01,5.37,5.22,4.77
Burlington,Burlington,7,3,0.87,0.63,0.87,0.86,0.5,14.92,13.75,15.32,15.31,13.83
Monmouth,Interlaken,11,6,-,-,-,-,-,3.41,2.56,4.41,5.07,4.74
Essex,Montclair,34,"10, 11",0.29,0.25,0.14,0.09,0.07,4.54,4.41,4.26,3.99,3.71
Atlantic,Northfield,2,2,0.13,0.12,0.12,0.12,0.14,4.8,4.8,5.6,5.56,4.92
Burlington,Beverly,7,3,1.24,0.97,1.17,0.78,1.07,28.06,29.43,30.11,27.71,25.98
Monmouth,Holmdel,13,4,0.01,0.04,0.01,-,0.01,1.14,1.12,1.14,1.21,1.04
Essex,Maplewood,27,10,0.11,0.17,0.18,0.06,0.09,3.51,3.81,3.71,3.83,3.89
Bergen,Oradell,38,5,-,-,-,-,-,0.82,0.74,0.8,0.73,0.91
Essex,Caldwell,27,11,0.09,0.05,0.05,0.06,0.04,2.43,2.75,2.48,3.22,2.94
Monmouth,Lake Como,30,4,-,0.12,0.06,0.29,0.17,1.78,2.03,2.1,2.72,0.93
Essex,Bloomfield,28,"10, 11",0.24,0.26,0.25,0.22,0.09,7.42,7.55,7.6,7.57,7.02
Monmouth,Keansburg,13,6,0.92,0.6,0.52,0.32,0.18,20.41,18.57,20.04,19.62,18.82
Essex,Fairfield,26,11,0.07,0.08,0.08,0.12,0.05,1.33,2.53,3.71,3.44,4.3
Burlington,Mansfield,8,3,0.09,0.04,0.04,0.05,0.06,1.91,2.17,1.89,1.61,1.27
Burlington,Hainesport,8,3,0.15,0.13,0.21,0.17,0.07,4.6,4.72,4.89,4.58,3.77
Essex,East Orange,34,10,1.7,1.51,1.39,0.95,0.56,25.37,25.18,24.82,24.02,22.17
Monmouth,Little Silver,13,4,-,-,-,-,-,0.59,0.68,0.66,0.61,0.7
Sussex,Franklin,24,5,0.42,0.34,0.33,0.25,0.08,9.87,9.74,9.6,7.95,7.04
Sussex,Hampton Twp,24,5,-,-,-,-,-,0.29,0.28,0.22,0.18,0.18
Sussex,Byram,24,11,-,-,0.01,0.01,-,0.15,0.15,0.22,0.2,0.14
Sussex,Sparta,24,11,0.01,0.01,0.01,0.01,0.02,1.3,1.37,1.25,1.14,1.03
Burlington,Moorestown,7,3,0.14,0.14,0.1,0.07,0.09,2.82,2.46,3,2.44,2.29
Sussex,Wantage,24,5,0.05,0.02,0.02,0.02,0.03,1.56,1.44,1.37,1.25,1.31
Burlington,Pemberton Twp,8,3,0.48,0.56,0.53,0.39,0.27,9.65,9.51,10.51,10.42,9.26
Bergen,Teterboro,36,9,-,-,-,-,-,21.43,12.68,19.72,27.54,21.74
Sussex,Hopatcong,24,11,0.07,0.08,0.05,0.03,0.04,2.87,2.78,2.59,2.48,2.31
Burlington,Chesterfield,12,3,-,0.01,0.01,0.01,0.01,1.32,0.99,1.16,1.28,0.99
Sussex,Newton,24,5,0.56,0.53,0.51,0.35,0.35,17.3,16.29,15.91,14.1,14.52
Warren,Phillipsburg,23,7,1.08,1.26,1.08,0.82,0.76,22.75,23.64,23.7,23.98,22.7
Warren,Hardwick,24,5,0.3,0.3,0.48,-,0.18,2.74,1.5,1.98,2.04,0.96
Ocean,Lakehurst,10,4,0.45,0.3,0.26,0.22,-,11.97,11.37,11.21,9.39,7.13
Warren,Harmony,23,7,0.15,0.12,-,-,-,3.12,2.58,1.91,1.21,1.15
Ocean,Lacey,9,3,0.26,0.2,0.23,0.14,0.11,5.57,5.45,5.79,5.4,4.74
Warren,Frelinghuysen,24,5,-,-,-,-,-,1.41,0.82,0.78,1.37,1.14
Union,Clark,22,7,0.07,0.03,0.03,0.03,0.03,1.58,1.36,1.42,1.13,0.95
Ocean,Jackson,12,4,0.18,0.11,0.08,0.05,0.03,4.12,4.63,4.23,3.73,3.67
Warren,Greenwich,23,7,0.25,0.16,0.2,0.02,-,2.92,3.55,3.52,2.95,2.7
Union,Fanwood,22,12,-,0.05,0.03,0.04,0.01,1.28,1.21,0.86,0.94,0.87
Ocean,Island Heights,10,3,0.24,-,0.06,-,-,3.41,2.86,2.3,2.4,2
Warren,Alpha,23,7,0.43,0.3,0.39,0.13,-,6.79,6.28,6.44,5.95,4.79
Warren,Blairstown,24,5,0.09,0.15,0.12,-,0.07,3.07,3,3.22,2.96,2.92
Ocean,Bay Head,10,4,-,-,-,0.51,-,2.14,2.12,1.8,2.16,1.43
Gloucester,Harrison Twp,5,2,0.36,0.4,0.25,0.17,0.14,7.77,7.19,6.91,5.84,4.69
Mercer,Hopewell Twp,15,12,0.02,-,-,-,0.01,0.17,0.16,0.17,0.13,0.11
Gloucester,Greenwich,3,1,0.33,0.31,0.39,0.31,0.23,9.05,8.89,8.82,8.81,7.54
Ocean,Beach Haven,9,2,0.17,-,0.08,0.09,-,5.95,5.86,7.12,6.57,4.35
Mercer,Hopewell,15,12,-,0.1,-,-,0.52,1.15,1.09,1.51,2.07,1.51
Mercer,Hamilton,14,4,0.21,0.17,0.13,0.09,0.07,3.83,3.97,3.57,3.3,2.89
Gloucester,Franklin Twp,3,2,0.16,0.13,0.16,0.16,0.16,5.47,5.89,5.84,5.37,4.93
Mercer,East Windsor,14,12,0.12,0.1,0.07,0.05,0.03,2.63,2.96,2.85,2.87,2.6
Gloucester,East Greenwich,3,"1, 2",0.17,0.1,0.06,0.06,0.11,3.21,3.13,2.77,2.43,1.91
Ocean,Eagleswood,9,2,0.48,0.62,0.87,0.5,0.37,11.7,12.58,13.48,12.82,13.78
Ocean,Harvey Cedars,9,2,0.58,-,-,-,-,6.69,4.08,2.33,3.81,3.24
Ocean,Beachwood,9,3,0.28,0.18,0.12,0.12,0.05,5.86,6.38,6.08,5.91,5.12
Ocean,Brick,10,3,0.2,0.15,0.15,0.12,0.07,4.88,5.25,5.29,4.99,4.39
Gloucester,Mantua,5,2,0.19,0.24,0.15,0.1,0.17,5.37,6.06,6.55,6.32,5.96
Essex,Orange,34,10,0.91,0.95,0.83,0.53,0.31,18.99,20.25,20.28,20.5,19.53
Middlesex,Dunellen,22,12,0.23,0.26,0.18,0.15,0.18,5.66,6.32,6.15,6.16,6.39
Middlesex,Cranbury,14,12,0.13,0.2,0.08,0.08,0.2,2.99,2.84,2.54,2.25,1.7
Mercer,West Windsor,15,12,0.01,0,0,0.01,-,0.44,0.5,0.49,0.4,0.38
Gloucester,Deptford,5,1,0.22,0.2,0.21,0.15,0.13,5,4.78,4.67,4.46,4.01
Essex,West Orange,27,"10, 11",0.22,0.19,0.14,0.1,0.05,4.74,4.79,4.88,5.1,4.73
Mercer,Robbinsville,14,4,0.01,-,-,-,-,0.55,0.52,0.52,0.51,0.42
Essex,West Caldwell,26,11,0.03,0.03,-,0.01,0.02,1.23,1.21,1.17,1.15,1.17
Essex,South Orange,27,10,0.1,0.06,0.09,0.04,0.02,2.13,1.86,2.03,1.8,1.65
Mercer,Pennington,15,12,0.12,0.12,0.12,0.12,0.16,0,3.05,2.83,3.7,3.78
Warren,Pohatcong,23,7,0.18,0.18,0.15,0.03,0.06,2.03,2.16,2.45,3.76,2.44
Warren,Washington,23,5,0.53,0.34,0.31,0.26,0.25,11.36,11.86,12.16,10.57,9.83
Warren,White,24,5,0,0.04,0,-,-,2.48,2.13,1.68,1.75,1.46
Morris,Chatham,21,11,-,-,-,0.01,-,0.79,0.82,0.98,0.93,0.79
Gloucester,Woodbury,5,1,0.92,1.26,1.01,0.72,0.72,20.15,20.95,21.87,21.44,19.5
Morris,Chatham Twp,27,11,-,-,-,-,0.02,0.69,0.48,0.45,0.55,0.53
Hudson,West New York,32,8,0.47,0.44,0.38,0.36,0.25,19.81,19.78,20.08,19.45,18.17
Morris,Chester Twp,25,7,-,-,-,-,-,0.29,0.35,0.42,0.46,0.38
Morris,Denville,25,11,0.02,0.01,0.02,0.03,0.04,2.09,1.83,1.91,1.76,1.7
Hunterdon,Milford,23,7,0.17,0.08,0.17,-,-,7.86,9.54,9.25,7.81,8.49
Morris,East Hanover,27,11,0.04,0.05,0.06,0.02,0.01,1.74,1.77,2.16,1.84,1.51
Ocean,Point Pleasant,30,"3, 4",0.09,0.06,0.04,0.04,0.02,2.53,2.69,2.38,1.24,1.47
Cumberland,Downe,1,2,0.45,0.38,0.52,0.39,0.13,6.96,8.68,9.21,8.76,7.27
Morris,Hanover,27,11,0.03,0.01,0.04,0.03,0.05,1.76,1.72,1.9,1.84,1.68
Ocean,Plumsted,12,4,0.19,0.07,0.06,0.07,0.02,3.51,3.74,3.33,3.38,2.67
Essex,Essex Fells,27,11,-,-,-,-,-,0.18,1.32,1.29,1.44,2.02
Morris,Harding,27,11,-,-,-,-,-,0.15,0.1,0.1,0.18,0.05
Gloucester,Elk,3,2,0.26,0.26,0.17,0.1,0.24,6.11,6.35,5.55,3.61,3.51
Ocean,Point Pleasant Beach,10,4,0.15,0.06,0.17,0.07,0.07,5.77,6.03,6.29,7.64,4.91
Gloucester,Pitman,4,2,0.26,0.18,0.19,0.18,0.15,6.35,6.52,6.24,5.53,4.77
Camden,Audubon Park,5,1,0.1,-,-,0.1,0.1,4.71,4.42,4.86,4.25,4.95
Camden,Lawnside,5,1,1.26,0.72,0.93,0.51,0.38,21.3,18.29,19.32,17.88,15.24
Cape May,Cape May,1,2,0.31,0.2,0.11,0.17,0.17,6.19,7.67,6.28,6.18,6.43
Hudson,Weehawken,33,8,0.23,0.19,0.12,0.14,0.08,8.3,7.37,7.51,6.93,6.1
Middlesex,Jamesburg,14,12,0.2,0.22,0.22,0.25,0.15,10.28,10.06,10.11,9.84,9.85
Hudson,Union City,33,8,0.72,0.67,0.58,0.42,0.3,23.25,23.42,24.25,23.28,21.21
Middlesex,Helmetta,18,12,0.27,0.14,0.23,0.27,0.14,4.43,5.57,5.46,4.3,3.39
Ocean,Lavallette,10,3,0.37,0.05,-,0.06,-,5.11,4.66,5.46,9.13,24.84
Hunterdon,Bloomsbury,23,7,0.12,0.23,-,-,-,8.2,8.03,6.43,5.78,4.97
Ocean,Little Egg Harbor,9,2,0.57,0.49,0.34,0.24,0.16,8.74,8.21,8.71,8.39,6.73
Middlesex,Milltown,17,12,0.03,0.04,0.06,0.06,0.06,2.55,3.06,2.76,2.81,2.3
Hunterdon,Alexandria,23,7,-,-,-,0.04,0.02,0.88,0.61,0.59,0.84,0.94
Ocean,Long Beach,9,2,0.03,0.13,-,-,-,2.12,1.86,1.7,1.49,1.67
Middlesex,Metuchen,18,6,0.09,0.08,0.09,0.09,0.09,3.74,3.76,3.82,3.95,4.13
Ocean,Manchester,10,4,0.11,0.08,0.09,0.07,0.03,4.17,4.88,5.03,4.67,4.17
Ocean,Mantoloking,10,3,-,-,-,-,2.39,3.37,2.68,3.88,3.95,4.78
Middlesex,Edison,18,6,0.12,0.1,0.09,0.06,0.05,3.85,4.12,4.29,4.5,4.35
Ocean,Ocean Twp,9,3,0.41,0.4,0.27,0.24,-,5.95,6.16,6.06,5.64,4.56
Ocean,Pine Beach,9,3,0.33,0.19,0.18,0.28,0.19,4.63,5.93,5.45,6,4.32
Middlesex,Sayreville,19,6,0.05,0.05,0.06,0.04,0.03,2.36,2.62,2.8,3.02,2.81
Hudson,East Newark,32,8,0.37,0.34,0.32,0.19,0.29,22.24,19.89,17.67,19.36,17.39
Gloucester,Woolwich,3,2,0.05,0.04,0.08,0.03,0.02,1.46,1.4,1.39,1.11,0.93
Hudson,Hoboken,33,8,0.15,0.14,0.14,0.1,0.08,5.35,5.14,5.09,4.95,4.47
Middlesex,North Brunswick,17,12,0.18,0.13,0.16,0.12,0.07,5.94,6.17,6.66,6.62,6.77
Hudson,Guttenberg,32,8,0.3,0.44,0.27,0.23,0.18,14.77,13.36,13.81,13.96,12.64
Middlesex,Monroe,14,12,0.03,0.03,0.02,0.02,0.03,1.55,1.55,1.99,1.88,1.89
Middlesex,Piscataway,17,6,0.1,0.11,0.09,0.06,0.04,3.68,3.89,4.08,4.28,4
Hudson,North Bergen,32,8,0.41,0.35,0.25,0.23,0.18,14.36,14.47,15.03,14.4,13.44
Middlesex,Perth Amboy,19,6,0.6,0.56,0.52,0.37,0.3,21,22.08,23.44,24.17,23.67
Hudson,Kearny,32,"8, 9",0.38,0.34,0.29,0.19,0.2,10.23,10.04,10.69,10.43,9.39
Morris,Mendham Twp,25,11,0.02,-,-,-,-,0.64,0.44,0.44,3.15,0.75
Morris,Morris Plains,26,11,0.02,0.16,0.09,0.07,0.04,5.62,5.66,5.65,0.55,5.86
Morris,Florham Park,27,11,0.03,-,0.02,0.02,0.01,1,0.99,0.91,1.23,0.91
Morris,Long Hill,21,7,-,-,0.01,0.01,-,1.33,1.46,1.48,3.2,1.33
Morris,Chester,25,7,-,-,-,-,-,2.88,3.22,3.64,4.06,3.12
Morris,Dover,25,7,0.26,0.3,0.25,0.19,0.08,13.58,13.31,14.53,13.53,11.97
Morris,Boonton,25,11,0.13,0.13,0.06,0.04,0.04,6.17,5.28,5.86,5.47,5.21
Morris,Butler,26,11,0.03,0.05,0.03,0.01,0.09,4.79,4.61,4.77,4.7,4.76
Morris,Mount Arlington,25,7,-,0.06,0.21,0.17,0.05,2.45,2.27,2.17,17.92,1.87
Morris,Mountain Lakes,25,11,-,-,-,0.05,-,0.49,0.66,0.68,5.76,0.51
Atlantic,Estell Manor,1,2,0.29,0.58,0.69,1.21,0.76,10.03,10.19,11.12,11.96,9.9
Atlantic,Galloway,9,2,0.2,0.27,0.26,0.23,0.2,6.65,6.84,7.68,7.65,7.15
Hunterdon,Flemington,16,7,0.78,0.44,0.45,0.32,0.26,17.84,18.33,18.11,17.93,16.9
Atlantic,Egg Harbor Twp,2,2,0.43,0.38,0.44,0.28,-,9.02,9.25,10.78,10.27,9.61
Hunterdon,Clinton Twp,23,7,0.03,0.05,0.01,-,-,1.44,1.27,1.19,1.28,1.29
Hunterdon,East Amwell,15,7,0.03,0.03,-,-,-,1.99,2.24,1.92,1.61,1.15
Hunterdon,Califon,23,7,-,-,-,-,-,2.09,2.08,2.85,2.87,2.36
Atlantic,Margate,2,2,0.14,0.2,0.14,0.19,0.11,3.84,3.78,4.18,4.43,3.86
Atlantic,Hammonton,8,2,0.53,0.57,0.48,0.39,0.44,12.78,11.55,11.71,11.16,10.48
Atlantic,Linwood,2,2,0.01,0.06,0.09,0.04,0.04,2.34,2.09,2,2.08,1.96
Union,Scotch Plains,22,"7, 12",0.05,0.04,0.03,0.02,0,1.66,1.38,1.58,1.61,1.48
Union,Summit,21,7,0.04,0.02,0.04,0.02,0.01,1.98,2.12,1.98,1.88,1.62
Warren,Belvidere,24,5,0.11,0.3,0.38,0.12,0.12,11.2,11.89,14.64,12.62,11.91
Union,Kenilworth,21,7,0.11,0.1,0.13,0.06,0.05,2.47,2.69,3.04,3.18,3.19
Warren,Franklin Twp,23,7,0.06,-,-,0.06,-,1.34,1.69,1.61,1.74,1.26
Morris,Roxbury,25,7,0.06,0.08,0.1,0.06,0.06,3.02,2.93,3.04,3.06,2.84
Union,New Providence,21,7,0.01,0.01,0.02,0.13,-,0.65,0.72,0.83,0.72,0.85
Union,Hillside,20,10,0.31,0.22,0.21,0.15,0.09,6.21,6.01,7.26,7.49,6.64
Union,Linden,22,10,0.33,0.24,0.19,0.14,0.11,7.25,7.63,8.42,8.43,7.59
Union,Roselle,20,10,0.24,0.26,0.27,0.18,0.29,8.97,9.27,10.63,10.26,9.78
Union,Mountainside,21,7,0.03,0.04,0.03,0.03,-,0.47,0.41,0.56,0.49,0.57
Union,Rahway,22,10,0.31,0.32,0.31,0.3,0.16,9.11,8.45,8.79,8.17,7.51
Union,Plainfield,22,12,0.83,0.67,0.53,0.42,0.27,20.21,19.07,19.61,18.3,16.93
Union,Springfield,21,7,0.04,0.04,0.02,0.04,0.02,1.58,1.62,1.68,1.73,1.67
Union,Roselle Park,21,10,0.09,0.1,0.07,0.06,0.04,3.89,4.13,4.44,4.21,3.97
Union,Westfield,21,7,0.05,0.03,0.03,0.02,0.01,1.22,1.5,1.65,1.37,1.22
Union,Union Twp,20,"7, 10",0.09,0.08,0.05,0.04,0.03,3.07,3.35,4,3.85,3.58
Warren,Hackettstown,23,5,0.29,0.27,0.2,0.13,0.1,7.25,9.01,10.09,9.24,8.89
Warren,Allamuchy,24,5,0.07,0.04,-,-,-,1.23,1.02,0.7,0.61,0.37
Atlantic,Weymouth,1,2,0.07,0.04,-,-,-,2.47,2.91,2.51,2.57,2.47
Bergen,Alpine,37,5,0.1,0.05,0.05,0.1,-,3.72,3.69,4.75,3.65,2.84
Bergen,Bergenfield,38,5,0.12,0.14,0.08,0.05,0.06,4.89,4.33,4.85,5.01,4.91
Bergen,Carlstadt,36,9,0.11,0.11,0.08,0.16,0.11,3.91,3.6,4.07,4.28,3.82
Atlantic,Mullica,2,2,0.05,0.05,0.06,0.18,0.15,1.42,1.75,1.74,2.16,2.17
Atlantic,Pleasantville,2,2,1.78,1.58,1.49,1.1,0.98,24.72,25.55,28.3,28.01,26.19
Atlantic,Port Republic,9,2,0,-,-,0.27,-,2.6,3.21,3.48,3.91,3.41
Atlantic,Ventnor,2,2,0.39,0.4,0.37,0.43,0.35,11.19,11.67,13.04,11.97,10.45
Morris,Pequannock,40,11,0.01,0.01,0.01,-,-,1.41,1.45,1.42,1.41,1.24
Bergen,Closter,39,5,0.04,-,-,0.01,-,1.14,1.04,1.28,1.29,1.21
Bergen,Cresskill,37,9,0.01,-,-,-,-,0.74,0.62,0.91,0.86,0.9
Warren,Mansfield,23,5,0.07,0.07,0.13,0.01,0.07,5.6,4.32,3.76,3.47,3.43
Warren,Oxford,24,5,0.73,0.44,0.73,0.28,0.33,7.56,8.19,8.43,7.16,5.86
Warren,Knowlton,24,5,0.1,0.2,0.27,-,-,4.61,4.58,3.84,4.46,2.97
Warren,Lopatcong,23,7,0.11,0.05,0.07,0.04,0.02,2.78,2.42,1.67,1.32,0.83
Atlantic,Buena,2,2,0.81,0.67,0.56,0.57,0.63,16.47,15.69,16.31,16.43,14.07
Atlantic,Buena Vista,2,2,0.41,0.54,0.49,0.41,0.35,8.74,8.15,8.34,8.7,7.71
Atlantic,Absecon,2,2,0.43,0.7,0.68,0.6,0.54,14.3,15.02,17.62,16.26,15.15
Atlantic,Atlantic City,2,2,2.46,2.36,2.34,1.97,1.57,41.27,41.74,45.63,44.48,40.53
Bergen,Dumont,39,5,0.03,0.03,0.06,0.03,0.02,2.99,2.97,3.11,2.92,3.07
Bergen,Englewood,37,9,0.39,0.25,0.25,0.2,0.11,8.03,7.52,8.43,8.23,7.69
Bergen,Englewood Cliffs,37,9,-,-,-,0.04,-,0.77,0.88,0.87,0.96,0.94
Bergen,East Rutherford,36,9,0.12,0.13,0.13,0.09,0.14,6.17,5.23,5.78,6.61,5.78
Bergen,Elmwood Park,35,9,0.24,0.24,0.18,0.09,0.07,6.96,6.6,6.94,7.18,6.63
Bergen,Garfield,35,9,0.56,0.41,0.41,0.34,0.22,11.94,11.4,12.78,12.61,11.97
Bergen,Hackensack,37,5,0.33,0.35,0.29,0.25,0.14,10.1,9.9,11.03,11.22,10.76
Monmouth,Roosevelt,12,4,0.46,0.46,-,-,-,4,2.75,3.21,3.67,1.76
Bergen,Fairview,32,8,0.34,0.15,0.17,0.14,0.1,11.57,10.64,11.93,11.76,11.95
Monmouth,Sea Bright,13,6,-,-,-,0.07,-,2.67,1.99,3.04,1.34,2.02
Bergen,Franklin Lakes,40,5,0.01,-,-,-,0.01,0.55,0.56,0.59,0.59,0.83
Monmouth,Ocean Twp,11,4,0.12,0.14,0.07,0.02,0.03,4,4.76,5.25,0.64,4.85
Monmouth,Red Bank,11,4,0.3,0.18,0.1,0.04,0.07,9.5,10.51,11.73,0.2,11.88
Bergen,Harrington Park,39,5,0.04,0.04,0.04,0.04,0.02,0.58,0.63,0.77,0.89,0.67
Monmouth,Monmouth Beach,13,6,0,-,-,-,-,0.7,0.58,0.8,24.14,1.21
Monmouth,Neptune City,11,4,0.99,0.54,0.44,0.31,1.1,15.08,15.93,16.95,72.06,15.94
Warren,Independence,24,5,0.09,0.11,0.07,0.04,0.04,2.58,2.6,2.49,2.17,2.03
Monmouth,Marlboro,13,6,0.01,0.02,0.01,0.01,-,1.22,1.37,1.5,1.71,1.29
Warren,Hope,24,5,0.16,0.05,-,0.1,-,1.35,0.88,0.52,0.99,0.53
Monmouth,Middletown,13,"4, 6",0.09,0.05,0.04,0.02,0.02,2.34,2.2,2.65,0.18,2.03
Monmouth,Long Branch,11,6,0.47,0.33,0.29,0.19,0.11,12.49,13.48,15.19,2.71,13.68
Monmouth,Manasquan,30,4,0.07,0.09,0.1,-,-,2.5,3.46,3.78,10.2,3.18
Atlantic,Hamilton,2,2,0.57,0.6,0.63,0.5,0.37,11.52,12.26,13.9,13.12,11.57
Atlantic,Longport,2,2,0,-,-,-,-,1.8,1.36,1.82,1.69,2.41
Atlantic,Somers Point,2,2,0.58,0.77,0.9,0.51,0.35,14.07,14.08,15.36,14.74,13.07
Monmouth,Sea Girt,30,4,-,-,-,-,-,1.77,0.72,0.83,0.66,1.06
Bergen,Allendale,40,5,-,-,0.01,0.01,0.01,0.56,0.51,0.56,0.64,0.67
Bergen,Bogota,37,5,0.44,0.34,0.26,0.14,0.08,5.76,5.69,6.63,6.5,5.52
Bergen,Cliffside Park,36,9,0.33,0.24,0.15,0.12,0.09,7.75,7.07,7.96,8.56,8.07
Bergen,Demarest,39,5,-,-,-,-,-,0.74,0.61,0.62,0.81,0.68
Bergen,Ho-Ho-Kus,40,5,0.02,-,-,-,-,0.24,0.32,0.34,0.43,0.53
Bergen,Haworth,39,5,-,-,-,-,-,0.29,0.38,0.38,0.63,0.29
Bergen,Leonia,37,9,0.09,0.03,0.02,0.03,0.02,2.79,2.63,2.98,3.03,3.35
Bergen,Lodi,38,5,0.36,0.29,0.35,0.19,0.17,9.8,8.98,9.74,9.96,9.25
Bergen,Lyndhurst,36,9,0.12,0.13,0.12,0.1,0.05,4.11,4.06,4.88,4.79,4.64
Bergen,Maywood,38,5,0.16,0.12,0.13,0.06,0.09,4.42,4.46,4.71,4.62,4.33
Bergen,Midland Park,40,5,0.01,0.01,0.03,0.03,0.01,1.52,1.53,1.71,1.72,1.63
Bergen,Moonachie,36,9,0.37,0.36,0.25,0.18,0.25,9.91,9.36,10.56,11.51,8.82
Bergen,New Milford,38,5,0.07,0.04,0.01,0.01,0.01,2.59,2.34,2.96,2.82,2.72
Bergen,Northvale,37,5,-,-,-,-,0.04,0.97,1.24,1.76,2.04,2.21
Monmouth,West Long Branch,11,6,0.01,-,0.04,0.04,-,1.24,1.69,1.9,1.78,1.37
Morris,Boonton Twp,25,11,0.11,0.09,0.05,-,-,3.45,4,4.87,4.01,3.78
Mercer,Princeton (as of 1/1/2013),16,12,-,0.04,0.05,0.04,-,-,2.14,0,1.85,1.61
Monmouth,Shrewsbury Twp,11,4,-,-,-,0.09,-,3.11,3.2,3.75,2.76,3.47
Atlantic,Corbin City,1,2,0,-,-,-,9.82,10.16,9.74,7.89,7.32,8.82
Monmouth,Spring Lake Heights,30,4,-,-,-,-,-,1.32,1.3,2.62,2.32,1.43
Monmouth,Union Beach,13,6,0.27,0.16,0.11,0.14,0.02,7.55,6.91,7.96,7.13,5.98
Atlantic,Folsom,2,2,0.32,0.27,0.11,0.22,0.22,2.94,2.08,2.67,1.94,2.14
Monmouth,Upper Freehold,12,4,0.01,0.01,0.01,-,-,0.78,0.55,0.7,0.57,0.33
Atlantic,Egg Harbor,2,2,1.47,1.77,2.2,1.39,2.69,33.22,35.92,38.91,39.25,34.63
Passaic,Pompton Lakes,40,11,0.16,0.07,0.1,0.09,0.06,4.57,5.43,4.95,4.88,4.69
Passaic,North Haledon,35,11,0.12,0.05,0.04,0.02,0.06,2.12,2.6,2.41,2.78,2.8
Passaic,Wayne,40,11,0.07,0.05,0.07,0.04,0.03,2.6,2.94,2.92,2.88,2.74
Passaic,Ringwood,39,5,0.09,0.02,0.02,0.03,-,2.77,2.72,2.79,2.66,2.57
Ocean,Surf City,9,2,0.25,0.17,-,0.08,-,2.9,2.15,1.81,3.57,2.55
Ocean,Seaside Heights,10,3,3.98,2.86,3.53,3.11,1.55,36.89,31.21,37.17,33.61,25.9
Passaic,Haledon,35,9,1.01,0.61,0.87,0.64,0.44,18.58,19.69,20.45,20.54,19.42
Passaic,Bloomingdale,39,11,0.34,0.27,0.26,0.32,0.28,6.75,7.62,8.06,8.55,8.75
Salem,Elmer,3,2,0.29,0.95,0.37,0.07,0.15,13.02,16.87,19.34,17.8,11.76
Salem,Mannington,3,2,0.17,0.11,-,0.06,-,3.33,2.52,3.04,2.29,1.09
Hunterdon,Lebanon Twp,23,7,0.05,-,-,-,-,1.27,0.92,0.68,0.97,0.82
Hunterdon,Raritan Twp,16,7,0.08,0.04,0.05,0.02,0.04,1.59,1.63,1.46,1.48,1.22
Hunterdon,Kingwood,23,7,-,-,0.05,-,-,1.07,1.36,1.71,0.98,0.85
Hunterdon,Lebanon,23,7,0.15,0.07,-,-,0.06,4.48,4.94,4.61,3.83,3.61
Hunterdon,West Amwell,15,7,0.08,0.11,-,-,-,0.69,0.71,0.61,0.32,0.33
Hunterdon,Readington,16,7,0.06,0.02,0.05,0.01,0.01,2.06,1.83,2.03,1.8,1.59
Hunterdon,Tewksbury,23,7,0.03,0.05,-,-,-,0.34,0.44,0.24,0.24,0.26
Hunterdon,Hampton Boro,23,7,0.15,0.29,-,-,-,11.07,10.78,10.12,10.29,8.57
Hunterdon,High Bridge,23,7,0.17,0.14,0.14,0.34,0.08,3.8,3.55,3.46,3.88,3.36
Hunterdon,Frenchtown,23,7,0.22,0.22,0.36,-,-,9.68,9.66,8.68,7.79,6.24
Camden,Tavistock,6,1,-,-,-,-,-,20,20,0,20,40
Camden,Winslow,4,1,0.75,0.59,0.58,0.56,0.5,9.94,9.47,11.09,10.51,10.43
Camden,Pine Hill,8,1,0.39,0.5,0.41,0.32,0.48,11.72,10.82,12.11,11.77,11.73
Camden,Somerdale,6,1,0.42,0.44,0.43,0.35,0.27,11.53,11.92,12.89,11.06,10.32
Cape May,Stone Harbor,1,2,-,-,0.12,-,-,2.22,1.42,4.27,2.75,2.28
Cape May,Lower Township,1,2,0.41,0.27,0.34,0.32,0.2,11.15,10.93,10.86,10.16,8.83
Cape May,Ocean City,1,2,0.16,0.14,0.07,0.11,0.06,6.71,6.44,6.98,6.4,5.66
Cumberland,Hopewell,1,2,0.07,-,-,0.02,0.02,0.31,0.27,0.2,0.52,0.31
Cumberland,Commercial,1,2,0.42,0.33,0.27,0.12,0.06,8.42,8.83,8.42,8.78,7.6
Cape May,Wildwood Crest,1,2,0.43,0.56,0.44,0.25,0.22,9.28,8.74,9.35,8.27,7.51
Cape May,West Cape May,1,2,0.29,0.2,-,-,-,6.16,6.57,6.5,5.02,4.72
Burlington,Springfield,8,3,0.03,0.03,-,-,-,0.76,0.91,1.21,1.34,1.06
Burlington,Westampton,8,3,0.23,0.54,0.73,0.64,0.32,8.98,11.78,14.59,13.39,9.49
Burlington,Woodland,8,3,-,0.06,0.06,-,0.06,2.61,2.62,3.01,2.29,2.31
Camden,Berlin,8,1,0.59,0.38,0.44,0.37,0.36,9.2,8.28,9.28,8.77,8.39
Camden,Brooklawn,5,1,1.49,0.57,0.57,0.41,0.41,16.9,12.71,16.69,12.98,12.99
Camden,Chesilhurst,4,1,0.3,0.49,0.74,0.31,0.61,11.75,10.45,12.73,11.75,12.65
Camden,Gibbsboro,6,1,0.18,0.18,0.22,0.22,0.22,3.94,2.92,3.62,3.48,3.87
Camden,Gloucester Twp,4,1,0.19,0.17,0.18,0.16,0.14,4.33,4.22,4.36,4.08,3.73
Camden,Haddonfield,6,1,0.11,0.15,0.07,0.04,0.04,2.29,2.13,2.27,2.01,1.97
Camden,Oaklyn,6,1,0.45,0.4,0.53,0.43,0.53,13.87,12.43,13.43,12.78,11.8
Camden,Magnolia,5,1,0.57,0.42,0.19,0.21,0.07,11.05,11.15,10.31,10.05,9.56
Burlington,Riverton,7,3,0.18,0.11,0.07,0.15,0.07,4.01,3.21,3.59,4.22,3.35
Burlington,Pemberton,8,3,1.29,2.59,1.66,1.88,0.95,31.95,34.12,30.09,29.43,26.95
Burlington,Riverside,7,3,0.32,0.37,0.31,0.44,0.33,12.05,12.7,12.76,12.7,10.74
Burlington,North Hanover,12,3,0.06,0.01,-,0.01,-,1.09,1.16,0.85,0.93,0.66
Burlington,Palmyra,7,1,0.43,0.39,0.42,0.29,0.11,7.87,7,7.77,7.67,6.41
Burlington,Mount Laurel,7,3,0.06,0.11,0.13,0.1,0.07,2.82,2.74,3.13,3.04,2.76
Burlington,New Hanover,12,3,-,-,0.01,0.01,-,0.57,0.5,0.47,0.4,0.42
Burlington,Medford,8,3,0.02,0.04,-,-,0,0.57,0.58,0.5,0.47,0.44
Burlington,Mount Holly,8,3,0.87,1.23,1.24,1.01,0.8,17.81,19.42,21.94,20.73,17.99
Burlington,Southampton,8,3,0.13,0.16,0.16,0.12,0.11,4.11,4.09,4.43,4.31,4.07
Burlington,Shamong,8,3,0.03,0.03,0.06,0.06,0.05,2.52,2.65,3.03,2.52,2.01
Burlington,Medford Lakes,8,3,0.69,0.51,0.41,0.29,0.37,8.08,8.27,7.35,8.08,6.71
Hunterdon,Union Twp,23,7,-,0.02,-,-,-,0.28,0.36,0.36,0.37,0.32
Hunterdon,Stockton,16,7,0.56,0.38,-,-,-,8.4,7.53,6.43,6.87,6.17
Hunterdon,Lambertville,15,7,0.13,0.08,0.03,0.03,-,5.68,5.93,6.2,6.55,5.72
Mercer,Lawrence,15,12,0.08,0.08,0.09,0.05,0.01,2.02,2.21,2.14,1.9,1.83
Mercer,Trenton,15,12,2.33,2.14,1.93,1.46,-,32.03,33,31.73,30.53,28.97
Mercer,Ewing,15,12,0.14,0.11,0.07,0.06,0.05,2.61,2.83,2.64,2.54,2.45
Mercer,Hightstown,14,12,0.07,0.11,0.14,0.11,0.15,7.14,7.29,6.68,6.43,6.29
Middlesex,Highland Park,18,6,0.12,0.1,0.05,0.08,0.13,4.94,5.06,5.86,5.41,5.95
Middlesex,Middlesex Borough,22,12,0.17,0.14,0.05,0.07,0.06,4.42,4.53,5.01,4.91,4.57
Middlesex,Carteret,19,6,0.41,0.35,0.27,0.21,0.2,10.46,11.2,11.79,12.28,12.06
Middlesex,East Brunswick,18,12,0.06,0.05,0.06,0.03,0.01,3.11,3.24,3.49,3.45,3.4
Hudson,Bayonne,31,"8, 10",0.64,0.59,0.57,0.49,0.31,14.96,15.26,15.95,15.63,14.98
Gloucester,Woodbury Heights,3,1,0.13,0.17,0.13,0.2,0.2,6.87,6.89,7.28,5.91,5.29
Hudson,Jersey City,"31, 33","8, 10",1.12,0.96,0.86,0.59,0.44,20.22,20.08,20.46,19.48,17.7
Hudson,Harrison,32,8,0.37,0.3,0.26,0.15,0.14,12.77,11.79,12.38,12.37,10.86
Hudson,Secaucus,32,9,0.16,0.16,0.14,0.13,0.1,7.16,7.06,7.15,6.1,5.84
Hunterdon,Bethlehem,23,7,-,0.13,0.03,-,-,0.87,0.74,0.92,0.64,0.7
Hunterdon,Clinton,23,7,0.07,0.04,-,0.04,-,2.17,1.78,2.38,1.77,1.41
Hunterdon,Delaware,16,7,-,0.11,-,-,-,0.58,0.77,0.55,0.62,0.65
Hunterdon,Franklin Twp,23,7,0.06,0.03,-,0.09,-,1.09,1.11,0.9,1.15,0.84
Hunterdon,Glen Gardner,23,7,0.12,0.12,0.42,0.24,-,9.01,8.31,8.29,8.42,6.84
Hunterdon,Holland,23,7,-,0.06,-,-,-,1.87,1.76,1.54,1.36,1.19
Gloucester,Paulsboro,3,1,1.82,1.63,1.39,0.88,0.74,25.49,27.68,27.02,25.25,22.1
Gloucester,Newfield,3,2,0.39,0.39,0.2,0.13,0.13,16.1,16.08,16,14.08,13.4
Gloucester,National Park,3,1,0.7,0.5,0.9,0.67,0.37,11.62,11.96,11.95,10.14,7.87
Gloucester,Monroe,4,1,0.31,0.33,0.34,0.29,0.2,8.21,8.66,8.27,8,7
Gloucester,Logan,3,1,0.13,0.2,0.25,0.13,0.05,4,3.87,3.7,3.76,3.84
Gloucester,West Deptford,3,1,0.36,0.33,0.29,0.25,0.17,7.11,7.01,7.14,6.39,5.34
Gloucester,Westville,5,1,1.22,0.96,1.09,0.73,0.43,31.96,35.6,35.94,30.73,24.96
Gloucester,Washington Twp,4,1,0.28,0.25,0.25,0.19,0.12,4.52,4.85,5.03,4.54,3.71
Gloucester,Wenonah,5,1,0.44,0.35,0.13,0.44,0.31,10.78,13.74,10.22,9.94,11.3
Gloucester,South Harrison,3,2,0.28,0.62,0.28,0.22,0.09,10.54,11.52,10.35,8.35,6.94
Gloucester,Swedesboro,3,2,0.64,0.38,0.38,0.57,0.19,15,17.49,15.44,14.85,14.83
Essex,Millburn,27,7,0.02,0.04,0.06,0.03,0.01,0.53,0.8,0.74,0.74,0.71
Essex,Irvington,28,10,1.54,1.42,1.13,0.83,0.52,23.36,23.1,22.91,22.54,20.58
Cumberland,Upper Deerfield,3,2,0.32,0.33,0.22,0.07,0.04,4.07,3.88,3.23,2.54,1.87
Cumberland,Millville,1,2,1.36,1.47,1.49,1.18,0.72,26.18,27.77,27.61,26.4,23.76
Essex,Cedar Grove,40,11,0.08,0.08,0.02,0.04,0.03,1.46,1.52,1.51,1.74,1.74
Essex,Belleville,29,8,0.37,0.36,0.34,0.28,0.2,9.42,9.61,9.62,9.9,9.44
Essex,Roseland,27,11,0.05,-,-,-,0.05,0.87,0.66,0.82,0.87,0.68
Essex,Verona,26,11,0.07,0.07,0.08,0.03,0.05,1.4,1.44,1.54,1.75,1.35
Gloucester,Clayton,3,2,0.67,0.58,0.34,0.18,0.17,12.35,11.96,12.18,10.66,9.38
Gloucester,Glassboro,3,1,0.51,0.47,0.52,0.45,0.32,9.81,10.53,9.93,9.76,8.75
Essex,North Caldwell,26,11,0.09,0.08,0.03,0.03,0.03,0.8,0.47,0.6,0.66,0.57
Bergen,Woodcliff Lake,39,5,-,-,-,0.03,-,0.45,0.38,0.55,0.66,0.61
Sussex,Andover Twp,24,5,0.03,0.03,-,-,-,0.84,0.83,0.77,1,0.6
Bergen,Wood-Ridge,36,9,0.07,0.11,0.01,0.04,-,2.11,2.2,2.32,2.74,2.99
Somerset,Watchung,21,7,0.03,0.03,0.03,0.03,0.03,1.18,0.84,0.8,0.57,0.61
Bergen,Washington Twp,39,5,-,-,-,0.02,0.01,0.84,0.67,0.91,0.91,0.87
Bergen,Waldwick,40,5,0.02,0.01,0.04,-,0.02,0.98,0.92,1.04,1.29,1.02
Sussex,Green,24,5,0.06,0.08,-,-,-,0.17,0.28,0.2,0.17,0.17
Sussex,Fredon,24,5,-,-,-,-,-,0.18,0.24,0.27,0.52,0.37
Sussex,Frankford,24,5,0.04,-,-,-,-,0.22,0.42,0.4,0.4,0.45
Burlington,Bordentown,7,3,0.28,0.15,0.21,0.08,0.16,5.8,4.98,5.79,5.36,4.62
Burlington,Bass River,9,2,0.07,0.07,0.07,0.07,0.21,5,4.93,6.52,6,4.02
Sussex,Branchville,24,5,0.24,0.61,0.12,-,-,17.09,15.1,16.38,17.58,15.36
Sussex,Lafayette,24,5,0.28,0.32,0.32,0.12,0.08,5.22,4.67,5.44,4.55,4.85
Sussex,Montague,24,5,0.31,0.45,0.32,0.35,0.24,8.54,8.48,7.27,7.2,7.8
Sussex,Hamburg,24,5,0.28,0.19,0.16,0.35,0.1,11.69,10.62,10.64,9.19,8.61
Sussex,Hardyston,24,5,0.04,0.04,-,-,0.04,1.36,1.13,0.97,0.86,0.85
Bergen,Tenafly,37,9,0.01,0.01,0.01,0.01,-,0.85,0.86,0.94,0.89,0.84
Bergen,Upper Saddle River,39,5,-,-,-,-,-,0.46,0.65,0.71,0.64,0.64
Bergen,Saddle Brook,38,9,0.06,0.08,0.09,0.02,0.01,2.37,2.66,2.88,2.92,2.79
Bergen,South Hackensack,36,9,0.21,-,0.12,0.12,0.16,6.88,7.29,7.85,8.28,7.21
Bergen,Ramsey,39,5,0.03,0.02,0.03,0.01,0.01,1.09,1.18,1.44,1.41,1.49
Bergen,Paramus,38,5,0.03,0.03,0.02,0.02,0.01,1.53,1.52,1.73,1.71,1.74
Bergen,Ridgewood,40,5,0.02,0.01,0.01,0.02,0,1.01,1,1.09,1.06,1.12
Somerset,Branchburg,16,7,0.03,0.05,0.01,0.01,0.03,1.07,1.09,1.12,0.99,1.06
Bergen,Ridgefield,36,9,0.2,0.1,0.11,0.09,0.03,3.78,3.09,3.93,3.9,4.15
Bergen,Rochelle Park,38,5,0.11,0.17,0.1,0.14,-,3.25,3.03,3.77,3.77,3.88
Somerset,Franklin Twp,17,12,0.28,0.25,0.24,0.13,0.11,5.4,5.44,6.12,6,5.55
Bergen,River Vale,39,5,0.01,-,-,0,0.05,0.52,0.59,0.56,0.65,0.85
Somerset,Bridgewater,23,7,0.07,0.07,0.04,0.02,0.02,1.97,1.99,1.97,1.77,1.71
Somerset,Millstone,16,7,-,-,-,-,0.24,0.96,-,0.24,0.48,-
Bergen,Rutherford,36,9,0.09,0.07,0.02,0.08,0.03,2.72,2.45,2.58,2.66,2.5
Somerset,Hillsborough,16,7,0.07,0.05,0.04,0.02,0.04,1.76,1.7,1.77,1.81,1.7
Somerset,Montgomery,16,7,0,0.01,-,0,0.01,0.77,0.82,0.78,0.8,0.92
Somerset,Peapack Gladstone,23,7,-,-,-,-,-,0.86,1.12,0.62,0.5,0.88
Somerset,Rocky Hill,16,7,-,-,-,-,-,0.73,1.9,1.02,1.01,0.15
Somerset,Somerville,16,7,0.54,0.59,0.44,0.24,0.25,10.27,10.05,10.2,9.36,8.52
Somerset,Warren,21,7,-,0.03,0.02,-,-,0.94,0.73,0.78,0.61,0.46
Bergen,Oakland,39,5,0.02,0.02,-,-,0.01,0.88,0.84,1.03,0.86,0.9
Bergen,Old Tappan,39,5,-,0.03,-,-,-,0.55,0.56,0.67,0.78,0.8
Bergen,Palisades Park,37,9,0.09,0.13,0.09,0.1,0.04,4.55,4.4,4.94,5.5,5.26
Monmouth,Wall,30,4,0.07,0.06,0.02,0.01,0.02,1.72,1.72,2,2.16,1.81
Monmouth,Tinton Falls,11,4,0.11,0.12,0.09,0.12,0.05,2.97,3.1,3.53,3.12,2.95
Monmouth,Spring Lake,30,4,-,-,0.03,-,0.07,2.94,3.23,2.14,2.09,3.24
Monmouth,Rumson,13,4,-,-,-,-,0.06,0.21,0.4,0.57,0.36,0.56
Monmouth,Oceanport,13,6,0.03,0.07,0.02,0.02,0.03,3.46,3.25,3.07,25.93,2.86
Monmouth,Neptune Twp,11,4,0.41,0.52,0.23,0.23,0.04,10.86,11.68,13.31,5.3,11.28
Monmouth,Millstone Twp,12,4,0.07,0.07,0.08,0.03,-,1.44,1.42,1.38,0.28,1.22
Monmouth,Howell,30,4,0.07,0.06,0.02,0.02,0.02,2.45,2.76,2.87,2.53,2.55
Monmouth,Matawan,12,6,0.21,0.29,0.1,0.07,0.09,7.14,7.86,8.2,17.33,7.56
Monmouth,Loch Arbour,11,6,-,-,1.05,0.53,0.55,4.66,7.25,22.11,"2,459.36",25.14
Monmouth,Keyport,13,6,0.33,0.31,0.34,0.2,0.14,12.19,12.52,14.16,13.03,12.82
Monmouth,Hazlet,13,6,0.08,0.07,0.08,0.04,0.09,3.16,3.52,4.02,3.98,3.82
Monmouth,Freehold,11,4,0.19,0.26,0.18,0.06,0.04,13.78,14.38,15.38,14.14,13.43
Monmouth,Fair Haven,13,4,-,-,-,-,-,1.26,1,0.96,0.95,0.92
Cumberland,Bridgeton,3,2,1.9,1.93,2.15,1.76,1.4,36.36,38.27,39.88,38.09,36.01
Cape May,Woodbine,1,2,0.73,0.78,0.66,1.13,0.84,22.5,20.26,20.58,21.72,20.97
Monmouth,Bradley Beach,30,4,0.21,0.3,0.14,0.3,0.16,8.35,8.61,9.51,8.93,7.8
Cumberland,Fairfield,1,2,0.06,0.02,0.03,0.08,0.02,1.93,1.61,1.47,1.2,0.96
Monmouth,Avon By The Sea,30,4,-,-,0.06,0.06,-,3.24,3.35,3.96,4.07,3.46
Cumberland,Deerfield,3,2,0.16,0.22,0.22,0.1,0.06,2.24,2.33,1.86,2.45,2.37
Monmouth,Allentown,12,4,-,-,-,-,0.11,3.03,3.36,4.04,3.95,2.71
Monmouth,Aberdeen,13,6,0.18,0.16,0.13,0.08,0.06,2.64,2.8,3,2.69,2.52
Cumberland,Lawrence,1,2,0.21,0.15,0.12,0.31,0.22,5.58,5.57,5.07,4.56,5.16
Middlesex,South River,18,12,0.26,0.3,0.3,0.13,0.12,7.31,7.16,7.49,7.04,6.83
Cumberland,Greenwich,1,2,0.49,0.37,0.37,0.51,0.52,8.23,16.07,18.45,22.11,21.01
Sussex,Vernon,24,5,0.09,0.1,0.09,0.09,0.06,2.13,2.09,1.91,1.71,1.59
Middlesex,South Brunswick,16,12,0.12,0.08,0.1,0.06,0.07,2.84,2.87,3.04,3.03,2.84
Sussex,Sussex,24,5,1.09,0.91,1.01,0.73,0.54,29.6,28.76,26.66,22.81,22.51
Burlington,Maple Shade,6,1,0.26,0.2,0.23,0.18,0.18,6.75,7.01,7.86,7.63,6.83
Union,Berkeley Heights,21,7,0.01,0.04,0.04,0.02,-,0.67,0.62,0.69,0.81,0.51
Sussex,Walpack,24,5,-,-,-,-,-,31.25,6.25,6.67,6.67,9.09
Burlington,Fieldsboro,7,3,-,0.19,0.19,0.19,-,4.14,5.85,4.15,5.08,6
Sussex,Ogdensburg,24,11,0.13,0.17,0.3,0.09,0.09,4.84,4.08,3.25,2.8,2.88
Burlington,Edgewater Park,7,3,0.28,0.27,0.33,0.2,0.23,8.03,8.01,8.6,8.34,7.7
Sussex,Stanhope,24,11,0.2,0.23,0.2,0.18,0.09,5.75,5.99,5.24,4.93,5.29
Burlington,Lumberton,8,3,0.18,0.2,0.31,0.23,0.06,5.38,5.32,5.87,5.66,4.97
Sussex,Sandyston,24,5,-,-,0.21,-,-,2.08,2.48,2.09,1.69,1.07
Burlington,Florence,7,3,0.38,0.53,0.46,0.34,0.24,6.47,6.69,6.54,6.14,5.98
Burlington,Burlington Twp,7,3,0.29,0.4,0.37,0.33,0.24,7.21,7.37,7.66,7.38,6.98
Burlington,Cinnaminson,7,3,0.07,0.08,0.11,0.1,0.08,2.66,2.98,3.25,3.27,2.95
Burlington,Delanco,7,3,0.22,0.18,0.37,0.15,0.27,6.9,6.63,7.66,6.98,6.64
Burlington,Eastampton,8,3,0.26,0.15,0.17,0.08,0.07,4.58,4.69,4.56,4.14,3.87
Union,Cranford,21,7,0,0.03,0.04,0.02,0.02,1.37,1.25,1.23,1.25,1.24
Union,Elizabeth,20,8,0.81,0.73,0.65,0.49,0.45,16.32,16.83,19.31,19.31,18.11
Union,Garwood,21,7,0.04,0.05,0.09,0.21,0.21,2.1,2.72,2.48,3.42,3.43
Burlington,Bordentown Twp,7,3,0.06,0.08,0.15,0.11,0.05,3.78,3.71,4.48,4,3.58
Cumberland,Maurice River,1,2,0.05,0.01,0.06,0.06,0.03,2.48,2.27,2.97,3.13,3.37
Cumberland,Shiloh,1,2,0.19,0.2,0.39,0.4,-,27.82,28.71,17.29,17.43,16
Cumberland,Stow Creek,1,2,-,0.07,0.28,0.07,-,1.4,1.05,1.4,1.26,0.64
Cumberland,Vineland,1,2,0.7,0.78,0.77,0.58,0.39,18.78,19.95,20.69,19.3,17.67
Middlesex,New Brunswick,17,6,0.75,0.7,0.7,0.58,0.48,16.73,17.66,18.42,18.72,18.14
Middlesex,Plainsboro,14,12,0.07,0.03,0.02,0.02,0.01,1.62,1.53,1.53,1.45,1.39
Morris,Parsippany-Troy Hills,26,11,0.03,0.02,0.01,0.02,0.02,3.57,3.53,3.79,0.24,3.54
Morris,Randolph,25,11,0.02,0.01,0.01,-,0,2.22,2.14,2.33,2.11,1.85
Cape May,Dennis,1,2,0.06,0.09,0.06,0.06,0.1,2.81,2.14,2.04,2.22,1.99
Cape May,Middle Township,1,2,0.55,0.54,0.5,0.38,0.24,12.69,12.47,12.88,13.05,12.16
Cape May,Avalon,1,2,0.08,-,0.23,0.47,0.16,3.04,2.75,2.85,1.56,1.8
Cape May,Cape May Point,1,2,-,-,-,-,-,1.05,-,2.82,0.71,0.36
Camden,Woodlynne,5,1,2.23,1.42,0.95,0.95,0.71,22.72,20.91,23.08,21.64,20.35
Cape May,Wildwood,1,2,1.9,1.72,1.62,1.59,0.84,37.17,36.27,36.37,33.46,33.3
Cape May,West Wildwood,1,2,0.51,0.34,-,-,-,11.99,12.95,10.54,9.09,7.57
Cape May,Upper Township,1,2,0.12,0.11,0.08,0.04,0.01,3.23,3.54,3.19,2.74,2.66
Cape May,Sea Isle City,1,2,-,-,-,-,-,3.72,2.43,2.88,2.64,2.25
Cape May,North Wildwood,1,2,0.25,0.3,0.1,0.31,0.21,9.95,8.49,8.39,7.69,6.67
Ocean,South Toms River,9,3,1.54,0.83,0.64,0.54,0.4,13.83,13.39,12.79,13.09,10.77
Ocean,Seaside Park,9,3,0.19,0.19,0.38,0.26,0.19,7.94,7.91,8.23,7.09,6.96
Morris,Rockaway Twp,26,11,0.03,0.03,0.02,0.02,0.02,1.12,0.89,0.99,0.97,0.99
Morris,Rockaway,25,11,0.11,0.11,0.02,0.06,0.03,5.35,5.23,5.66,5.48,4.48
Passaic,Clifton,34,9,0.42,0.31,0.31,0.26,0.17,10.62,11.38,11.73,11.63,11.57
Ocean,Tuckerton,9,2,0.8,0.62,0.32,0.18,0.24,14.59,13.8,14.25,12.05,10.48
Ocean,Toms River,10,3,0.26,0.22,0.23,0.16,0.15,7.36,7.81,8.33,8.46,7.91
Ocean,Stafford,9,"2, 3",0.22,0.2,0.15,0.07,0.04,5.27,5.06,5.09,4.84,3.97
Morris,Kinnelon,26,11,0.07,0.04,-,0.02,0.01,0.95,0.97,0.91,0.91,0.89
Camden,Laurel Springs,4,1,1.79,1.27,1.22,0.8,0.32,12.74,12.77,13.99,11.68,11.89
Camden,Lindenwold,4,1,1,0.86,1.02,0.82,0.64,18.02,17.56,19.05,19.14,18.44
Camden,Merchantville,6,1,0.26,0.29,0.32,0.16,0.19,9.98,10.04,10.83,9.45,8.79
Camden,Mount Ephraim,5,1,0.77,0.32,0.22,0.19,0.06,9.14,7.78,7.75,8.32,7.69
Camden,Waterford,8,2,0.36,0.19,0.25,0.25,0.25,6.75,5.59,6.01,5.2,5.01
Camden,Voorhees,6,1,0.09,0.07,0.09,0.06,0.08,3.07,2.91,3.18,3,2.91
Morris,Netcong,25,7,0.12,0.18,0.28,0.12,0.03,8.14,8.75,8.14,60.5,6.77
Camden,Pine Valley,8,1,-,-,-,-,-,191.67,275,175,166.67,209.09
Camden,Pennsauken,6,1,0.57,0.53,0.56,0.49,0.31,13.99,13.38,14.5,14.28,13.53
Camden,Stratford,6,1,0.2,0.07,0.23,0.09,0.19,5.8,5.77,6.21,6.02,5.78
Camden,Runnemede,5,1,0.26,0.24,0.23,0.25,0.19,7.22,6.65,7.09,6.96,7.47
Morris,Madison,27,11,-,0.01,0.01,-,-,1.93,1.59,1.64,0.2,1.35
Morris,Lincoln Park,26,11,0.09,0.07,0.03,0.03,0.03,3.44,3.56,3.3,3.24,2.75
Morris,Mine Hill,25,7,0.05,0.16,0.11,-,0.03,4.29,4.48,5,9.28,4.2
Morris,Mendham,25,11,-,-,-,-,-,0.7,0.66,0.76,0.64,0.74
Morris,Morris Twp,25,11,-,0.01,0,-,0.02,0.2,0.24,0.17,8.76,0.11
Morris,Montville,26,11,0.03,-,0.04,-,-,1.47,1.41,1.58,1.31,1.65
Morris,Mount Olive,24,7,0.08,0.05,0.05,0.03,0.04,3.38,3,3.42,0.1,2.99
Morris,Morristown,25,11,0.18,0.19,0.18,0.09,0.1,11.25,10.46,10.92,0.56,9.72
Salem,Oldmans,3,2,0.33,0.38,0.43,0.05,0.22,6.15,6.93,8.82,7.65,7.35
Salem,Pennsville,3,2,0.32,0.26,0.28,0.12,0.1,8.56,8.86,9.82,9.18,8.61
Salem,Elsinboro,3,2,0.39,0.2,0.1,-,-,3.22,3.54,4.46,2.71,2.03
Salem,Lower Alloways Creek,3,2,0.06,0.11,0.17,-,-,2.28,2.35,2.14,2.22,2.3
Camden,Berlin Twp,6,1,0.39,0.43,0.39,0.29,0.42,7.93,7.85,9.31,7.99,7.49
Camden,Camden,5,1,3.81,3.09,2.67,2.32,1.86,47.24,45.55,47.23,46.5,45.56
Camden,Bellmawr,5,1,0.63,0.5,0.55,0.44,0.49,10.57,9.67,11.18,12.26,12.87
Camden,Gloucester City,5,1,0.85,0.61,0.55,0.56,0.49,16.81,15.69,17.12,16.25,15.36
Camden,Collingswood,6,1,0.36,0.28,0.21,0.18,0.16,8.11,7.91,8.12,7.24,7
Camden,Clementon,4,1,1.44,0.86,1.03,0.85,0.73,34.92,31.85,35.12,33.07,32.04
Camden,Cherry Hill,6,1,0.15,0.15,0.13,0.12,0.09,3.69,3.59,3.74,3.68,3.49
Camden,Hi-Nella,6,1,0.81,0.69,0.7,0.23,0.23,12.57,12.72,13.4,10,9.58
Camden,Haddon Twp,6,1,0.07,0.03,0.05,0.04,0.04,1.68,1.52,1.98,1.81,1.95
Camden,Haddon Heights,5,1,0.11,0.08,0.12,0.05,-,2.88,2.77,3.05,2.99,2.77
Somerset,Bernardsville,25,7,0.08,0.04,0.03,0.01,0.01,0.94,0.93,0.99,0.91,0.9
Somerset,Bernards Twp,21,7,0.04,0.02,0.01,0.01,0,0.92,1,0.96,0.9,0.86
Salem,Woodstown,3,2,0.48,0.55,0.49,0.23,0.11,10.9,11.92,13.17,12.6,10.99
Salem,Salem,3,2,3.58,3.47,2.21,1.84,2.01,48.31,52.02,53.41,51.92,47.8
Salem,Quinton,3,2,0.41,0.49,0.27,0.16,0.25,5.57,5.61,6.07,5.68,4.18
Salem,Pilesgrove,3,2,0.3,0.15,0.23,0.05,0.02,4.72,5.33,5.5,4.53,4.05
Passaic,Hawthorne,38,9,0.25,0.1,0.1,0.1,0.14,5.37,5.52,5.41,5.78,5.73
Passaic,Little Falls,40,11,0.07,0.07,0.06,0.11,0.06,3.05,3.21,3.48,3.34,3.7
Passaic,Passaic,36,9,1.4,1.09,1.02,0.88,0.69,30.31,31.52,31.98,32.27,31.64
Somerset,Bedminster,23,7,0.02,0.04,-,0.01,-,1.35,1.44,1.36,1.33,1.24
Somerset,South Bound Brook,23,12,0.44,0.15,0.13,0.13,0.22,5.92,6.42,6.85,6.21,5.62
Warren,Washington Twp,23,5,0.2,0.31,0.12,0,0.14,3.55,4.12,3.61,3.65,3.31
Sussex,Stillwater,24,5,0.02,0.05,0.05,0.03,-,0.62,0.62,0.6,0.48,0.3
Burlington,Washington Twp,9,2,0.29,0.29,0.74,0.45,-,4.66,3.51,5.2,3.71,2.16
Burlington,Tabernacle,9,3,0.16,0.29,0.19,0.1,0.06,2.81,2.8,3.02,3.24,2.6
Burlington,Wrightstown,12,3,2.37,3.01,3.27,2.64,1.78,58.3,54.64,65.41,64.95,57.69
Burlington,Willingboro,7,3,0.68,0.78,0.76,0.63,0.38,12.5,11.93,13,12.74,10.65
Camden,Barrington,5,1,0.16,0.07,0.06,0.1,0.04,4.96,5.26,5.95,6.03,5.57
Camden,Audubon,5,1,0.31,0.26,0.3,0.24,0.33,5.78,5.99,5.48,4.97,5.17
Passaic,Woodland Park,40,11,0.45,0.24,0.22,0.27,0.13,9.61,10.03,10.51,10.7,10.17
Passaic,West Milford,26,5,0.21,0.13,0.12,0.13,0.04,3.67,3.62,3.65,3.55,2.94
Salem,Carneys Point,3,2,0.9,0.85,0.62,0.5,0.31,12.6,14.09,14.58,13.5,12.3
Passaic,Prospect Park,35,9,0.95,0.71,0.81,0.64,0.39,22.42,23.34,25.73,23.67,22.37
Passaic,Paterson,35,9,2.34,1.76,1.78,1.52,1.14,40.69,41.31,41.85,41.31,40.21
Passaic,Wanaque,39,11,0.26,0.29,0.17,0.2,0.07,4.55,4.76,4.61,4.69,4.14
Passaic,Totowa,40,11,0.14,-,0.05,0.03,0.07,3.64,4.13,4.2,4.24,4.62